scenario_id,n_archipelagos,islands_per_archipelago,total_island_units,population_mean,between_archipelago_sd,within_archipelago_sd,naive_coverage,system_coverage,naive_positive_detection,system_positive_detection,naive_false_direction,system_false_direction,naive_mean_reported_se,system_mean_reported_se,naive_empirical_sd,system_empirical_sd,reported_se_ratio_naive_to_system
two_archipelagos_deep,2,12,24,0.0,0.0,0.4,0.9355,0.68825,0.03025,0.1525,0.0645,0.31174999999999997,0.08124144591446793,0.06485857347213465,0.08211425800291122,0.08211425800291124,1.2525937831391232
four_archipelagos,4,6,24,0.0,0.0,0.4,0.93075,0.85175,0.0355,0.07575,0.06925,0.14825,0.08084816316022697,0.07528820782863875,0.0831556287277816,0.0831556287277816,1.0738489531354374
eight_archipelagos,8,3,24,0.0,0.0,0.4,0.93,0.907,0.03675,0.04875,0.07,0.093,0.08089907851383853,0.07878148994074724,0.08249565247060078,0.08249565247060078,1.026879265353879
twelve_archipelagos,12,2,24,0.0,0.0,0.4,0.93575,0.92325,0.0315,0.03925,0.06425,0.07675,0.0809035798450569,0.07994477631112247,0.0812523752135491,0.0812523752135491,1.0119933231184868
twentyfour_archipelagos_shallow,24,1,24,0.0,0.0,0.4,0.94025,0.94025,0.029,0.029,0.05975,0.05975,0.08057744269534844,0.08057744269534844,0.08052209918991939,0.08052209918991939,1.0
two_archipelagos_deep,2,12,24,0.0,0.2,0.4,0.6805,0.6915,0.16175,0.15625,0.3195,0.3085,0.08551993674582208,0.12749918011463002,0.1614853813651168,0.1614853813651168,0.6707489151611337
four_archipelagos,4,6,24,0.0,0.2,0.4,0.8135,0.85775,0.096,0.07275,0.1865,0.14225,0.08818967872649018,0.1193353881428817,0.127530664696619,0.127530664696619,0.7390069291172843
eight_archipelagos,8,3,24,0.0,0.2,0.4,0.87975,0.90225,0.05725,0.046,0.12025,0.09775,0.08921562383992884,0.10372715346875641,0.10951567846066923,0.10951567846066923,0.860099027655294
twelve_archipelagos,12,2,24,0.0,0.2,0.4,0.9095,0.921,0.043,0.04,0.0905,0.079,0.09037867985084715,0.09841382369998751,0.10054152996075773,0.10054152996075773,0.9183535041414981
twentyfour_archipelagos_shallow,24,1,24,0.0,0.2,0.4,0.92975,0.92975,0.035,0.035,0.07025,0.07025,0.09010172379479404,0.09010172379479404,0.09302895560660027,0.09302895560660027,1.0
two_archipelagos_deep,2,12,24,0.0,0.5,0.4,0.43525,0.712,0.28625,0.14725,0.5647500000000001,0.288,0.10562677302195352,0.2930400542305862,0.3563129450486971,0.3563129450486971,0.36045165668321344
four_archipelagos,4,6,24,0.0,0.5,0.4,0.61575,0.8545,0.194,0.0705,0.38425,0.1455,0.11784877181673885,0.24074706674762578,0.2653575789042838,0.2653575789042838,0.4895128044915258
eight_archipelagos,8,3,24,0.0,0.5,0.4,0.7845,0.9095,0.10725,0.04675,0.2155,0.0905,0.12449908968884268,0.18741729064106363,0.19669044179659176,0.19669044179659176,0.6642881735350655
twelve_archipelagos,12,2,24,0.0,0.5,0.4,0.85575,0.9255,0.075,0.03775,0.14425,0.0745,0.12725239374715913,0.16244473145564736,0.16635766783839942,0.16635766783839942,0.7833580849736769
twentyfour_archipelagos_shallow,24,1,24,0.0,0.5,0.4,0.937,0.937,0.035,0.035,0.063,0.063,0.12921228157997325,0.12921228157997325,0.13036586270577585,0.13036586270577585,1.0
two_archipelagos_deep,2,12,24,0.3,0.0,0.4,0.94025,0.70875,0.95525,0.9035,0.0,0.0,0.0805896977706283,0.06536130778593079,0.08086284153202133,0.08086284153202133,1.2329878409803707
four_archipelagos,4,6,24,0.3,0.0,0.4,0.9415,0.8535,0.95825,0.9315,0.0,0.0,0.08073164361484476,0.07556818610568272,0.08092051170268603,0.08092051170268603,1.0683284563948763
eight_archipelagos,8,3,24,0.3,0.0,0.4,0.93925,0.911,0.951,0.9435,0.0,0.0,0.08087290717141478,0.07878057451399764,0.08061342296764852,0.08061342296764852,1.0265589921160752
twelve_archipelagos,12,2,24,0.3,0.0,0.4,0.9405,0.925,0.95375,0.95,0.0,0.0,0.08067429771593491,0.07962955071902665,0.0818476442190808,0.0818476442190808,1.0131200915674465
twentyfour_archipelagos_shallow,24,1,24,0.3,0.0,0.4,0.9415,0.9415,0.95425,0.95425,0.0,0.0,0.0809629490918617,0.0809629490918617,0.08093077361104098,0.08093077361104098,1.0
two_archipelagos_deep,2,12,24,0.3,0.2,0.4,0.69375,0.6975,0.78975,0.60925,0.00225,0.005,0.08560075077664982,0.12967819801258637,0.1619078700148879,0.1619078700148879,0.6601013284310253
four_archipelagos,4,6,24,0.3,0.2,0.4,0.80525,0.86,0.839,0.67425,0.00025,0.00025,0.08822634558274023,0.11855978194696459,0.12934994813845097,0.12934994813845097,0.7441507072120508
eight_archipelagos,8,3,24,0.3,0.2,0.4,0.8955,0.91725,0.87625,0.79075,0.0,0.0,0.08947082331334198,0.1043609252849515,0.10522414261187742,0.10522414261187742,0.8573211004889718
twelve_archipelagos,12,2,24,0.3,0.2,0.4,0.9155,0.92875,0.894,0.85325,0.0,0.0,0.08992660918295148,0.09807377181741282,0.09779020060823018,0.09779020060823018,0.9169282216490136
twentyfour_archipelagos_shallow,24,1,24,0.3,0.2,0.4,0.93725,0.93725,0.89975,0.89975,0.0,0.0,0.0902853742265051,0.0902853742265051,0.09223674419461945,0.09223674419461945,1.0
two_archipelagos_deep,2,12,24,0.3,0.5,0.4,0.4215,0.7045,0.59525,0.33725,0.08375,0.04325,0.10543467943607746,0.2910105840255586,0.36811885814429945,0.36811885814429945,0.36230530854787546
four_archipelagos,4,6,24,0.3,0.5,0.4,0.59325,0.849,0.60425,0.31175,0.0255,0.00875,0.11744955056957698,0.23994632806069047,0.26420247890602855,0.26420247890602855,0.4894825918730878
eight_archipelagos,8,3,24,0.3,0.5,0.4,0.7815,0.91575,0.61425,0.3825,0.00325,0.0015,0.12534817433860249,0.1892545235107575,0.19497773796391094,0.19497773796391094,0.6623259091161301
twelve_archipelagos,12,2,24,0.3,0.5,0.4,0.85625,0.92475,0.6095,0.45325,0.0005,0.0,0.12767062216908184,0.16318328073449387,0.16721433479333528,0.16721433479333528,0.7823756306064674
twentyfour_archipelagos_shallow,24,1,24,0.3,0.5,0.4,0.94225,0.94225,0.6405,0.6405,0.00025,0.00025,0.1296232016357367,0.1296232016357367,0.1299513709321452,0.1299513709321452,1.0
