source_logical_id,resolved_domain,specificity,zone,community_name,island,archipelago,geological_origin,species_code,month_index,month_label,classification_metric,classification_value,partner_functional_richness,partner_rank_abundance,partner_abundance_evenness,source_line
s003,flower_visitor,Generalized,CB,Caleton Blanco,Lanzarote,Canary Islands,oceanic_island_system,las.sp,1,January,L,3.0,3.0,3.0,0.314,6
s003,flower_visitor,Generalized,CB,Caleton Blanco,Lanzarote,Canary Islands,oceanic_island_system,las.sp,2,February,L,7.0,5.0,2.57,0.362,7
s003,flower_visitor,Generalized,CB,Caleton Blanco,Lanzarote,Canary Islands,oceanic_island_system,las.sp,3,March,L,3.0,3.0,3.67,0.213,8
s003,flower_visitor,Generalized,CB,Caleton Blanco,Lanzarote,Canary Islands,oceanic_island_system,las.sp,4,April,L,6.0,5.0,1.67,0.243,9
s003,flower_visitor,Generalized,CB,Caleton Blanco,Lanzarote,Canary Islands,oceanic_island_system,lep.for,2,February,L,2.0,2.0,3.0,0.177,10
s003,flower_visitor,Generalized,CB,Caleton Blanco,Lanzarote,Canary Islands,oceanic_island_system,lep.for,3,March,L,1.0,1.0,3.0,1.0,11
s003,flower_visitor,Generalized,CB,Caleton Blanco,Lanzarote,Canary Islands,oceanic_island_system,lep.for,4,April,L,4.0,3.0,1.5,0.29,12
s003,flower_visitor,Generalized,CB,Caleton Blanco,Lanzarote,Canary Islands,oceanic_island_system,pla.mau,1,January,L,2.0,2.0,2.5,0.098,13
s003,flower_visitor,Generalized,CB,Caleton Blanco,Lanzarote,Canary Islands,oceanic_island_system,pla.mau,2,February,L,4.0,4.0,2.0,0.332,14
s003,flower_visitor,Generalized,CB,Caleton Blanco,Lanzarote,Canary Islands,oceanic_island_system,pla.mau,3,March,L,6.0,5.0,2.5,0.283,15
s003,flower_visitor,Generalized,CB,Caleton Blanco,Lanzarote,Canary Islands,oceanic_island_system,pla.mau,4,April,L,4.0,4.0,2.5,0.18,16
s003,flower_visitor,Generalized,CB,Caleton Blanco,Lanzarote,Canary Islands,oceanic_island_system,tem.pro,1,January,L,4.0,4.0,3.0,0.351,17
s003,flower_visitor,Generalized,CB,Caleton Blanco,Lanzarote,Canary Islands,oceanic_island_system,tem.pro,2,February,L,4.0,4.0,2.25,0.352,18
s003,flower_visitor,Generalized,CB,Caleton Blanco,Lanzarote,Canary Islands,oceanic_island_system,tem.pro,3,March,L,2.0,2.0,3.0,0.164,19
s003,flower_visitor,Generalized,CB,Caleton Blanco,Lanzarote,Canary Islands,oceanic_island_system,tet.sp,1,January,L,6.0,5.0,2.5,0.437,20
s003,flower_visitor,Generalized,CB,Caleton Blanco,Lanzarote,Canary Islands,oceanic_island_system,tet.sp,2,February,L,11.0,8.0,2.36,0.427,21
s003,flower_visitor,Generalized,CB,Caleton Blanco,Lanzarote,Canary Islands,oceanic_island_system,tet.sp,3,March,L,13.0,10.0,2.85,0.42,22
s003,flower_visitor,Generalized,CB,Caleton Blanco,Lanzarote,Canary Islands,oceanic_island_system,tet.sp,4,April,L,8.0,6.0,2.63,0.315,23
s003,flower_visitor,Generalized,CM,Cala Mesquida,Mallorca,Balearic Islands,continental_island_system,api.mel,1,April,L,3.0,2.0,3.67,0.207,24
s003,flower_visitor,Generalized,CM,Cala Mesquida,Mallorca,Balearic Islands,continental_island_system,api.mel,2,May,L,8.0,6.0,2.13,0.33,25
s003,flower_visitor,Generalized,CM,Cala Mesquida,Mallorca,Balearic Islands,continental_island_system,api.mel,3,June,L,8.0,6.0,2.5,0.189,26
s003,flower_visitor,Generalized,CM,Cala Mesquida,Mallorca,Balearic Islands,continental_island_system,api.mel,4,July,L,1.0,1.0,3.0,1.0,27
s003,flower_visitor,Generalized,CM,Cala Mesquida,Mallorca,Balearic Islands,continental_island_system,bru.sp,1,April,L,1.0,1.0,1.0,1.0,28
s003,flower_visitor,Generalized,CM,Cala Mesquida,Mallorca,Balearic Islands,continental_island_system,bru.sp,2,May,L,7.0,4.0,1.86,0.289,29
s003,flower_visitor,Generalized,CM,Cala Mesquida,Mallorca,Balearic Islands,continental_island_system,bru.sp,3,June,L,6.0,3.0,2.33,0.14,30
s003,flower_visitor,Generalized,CM,Cala Mesquida,Mallorca,Balearic Islands,continental_island_system,bru.sp,4,July,L,3.0,2.0,3.33,0.043,31
s003,flower_visitor,Generalized,CM,Cala Mesquida,Mallorca,Balearic Islands,continental_island_system,osc.sp,1,April,L,3.0,1.0,1.67,0.237,32
s003,flower_visitor,Generalized,CM,Cala Mesquida,Mallorca,Balearic Islands,continental_island_system,osc.sp,2,May,L,8.0,5.0,1.5,0.339,33
s003,flower_visitor,Generalized,CM,Cala Mesquida,Mallorca,Balearic Islands,continental_island_system,osc.sp,3,June,L,11.0,5.0,1.55,0.119,34
s003,flower_visitor,Generalized,CM,Cala Mesquida,Mallorca,Balearic Islands,continental_island_system,pla.pyg,1,April,L,3.0,2.0,2.0,0.247,35
s003,flower_visitor,Generalized,CM,Cala Mesquida,Mallorca,Balearic Islands,continental_island_system,pla.pyg,2,May,L,6.0,5.0,1.83,0.22,36
s003,flower_visitor,Generalized,CM,Cala Mesquida,Mallorca,Balearic Islands,continental_island_system,pla.pyg,3,June,L,6.0,4.0,2.17,0.142,37
s003,flower_visitor,Generalized,CM,Cala Mesquida,Mallorca,Balearic Islands,continental_island_system,psi.sp,1,April,L,5.0,2.0,1.4,0.59,38
s003,flower_visitor,Generalized,CM,Cala Mesquida,Mallorca,Balearic Islands,continental_island_system,psi.sp,2,May,L,12.0,4.0,1.42,0.303,39
s003,flower_visitor,Generalized,CM,Cala Mesquida,Mallorca,Balearic Islands,continental_island_system,psi.sp,3,June,L,8.0,2.0,2.25,0.166,40
s003,flower_visitor,Generalized,LC,Las Conchas,Lanzarote,Canary Islands,oceanic_island_system,ant.all,1,January,L,8.0,5.0,2.5,0.168,41
s003,flower_visitor,Generalized,LC,Las Conchas,Lanzarote,Canary Islands,oceanic_island_system,ant.all,2,February,L,8.0,6.0,3.75,0.262,42
s003,flower_visitor,Generalized,LC,Las Conchas,Lanzarote,Canary Islands,oceanic_island_system,ant.all,3,March,L,11.0,6.0,2.91,0.202,43
s003,flower_visitor,Generalized,LC,Las Conchas,Lanzarote,Canary Islands,oceanic_island_system,ant.all,4,April,L,6.0,5.0,2.17,0.197,44
s003,flower_visitor,Generalized,LC,Las Conchas,Lanzarote,Canary Islands,oceanic_island_system,att.sp,1,January,L,1.0,1.0,3.0,1.0,45
s003,flower_visitor,Generalized,LC,Las Conchas,Lanzarote,Canary Islands,oceanic_island_system,att.sp,2,February,L,4.0,3.0,3.25,0.158,46
s003,flower_visitor,Generalized,LC,Las Conchas,Lanzarote,Canary Islands,oceanic_island_system,att.sp,3,March,L,9.0,4.0,2.22,0.264,47
s003,flower_visitor,Generalized,LC,Las Conchas,Lanzarote,Canary Islands,oceanic_island_system,att.sp,4,April,L,9.0,4.0,1.56,0.173,48
s003,flower_visitor,Generalized,LC,Las Conchas,Lanzarote,Canary Islands,oceanic_island_system,bom.aar,1,January,L,2.0,2.0,2.5,0.18,49
s003,flower_visitor,Generalized,LC,Las Conchas,Lanzarote,Canary Islands,oceanic_island_system,bom.aar,2,February,L,5.0,4.0,3.0,0.193,50
s003,flower_visitor,Generalized,LC,Las Conchas,Lanzarote,Canary Islands,oceanic_island_system,bom.aar,3,March,L,8.0,4.0,2.63,0.21,51
s003,flower_visitor,Generalized,LC,Las Conchas,Lanzarote,Canary Islands,oceanic_island_system,bom.aar,4,April,L,9.0,5.0,1.22,0.354,52
s003,flower_visitor,Generalized,LC,Las Conchas,Lanzarote,Canary Islands,oceanic_island_system,sar.sp3,1,January,L,6.0,5.0,3.33,0.177,53
s003,flower_visitor,Generalized,LC,Las Conchas,Lanzarote,Canary Islands,oceanic_island_system,sar.sp3,2,February,L,5.0,5.0,4.0,0.213,54
s003,flower_visitor,Generalized,LC,Las Conchas,Lanzarote,Canary Islands,oceanic_island_system,sar.sp3,3,March,L,5.0,4.0,2.8,0.14,55
s003,flower_visitor,Generalized,LC,Las Conchas,Lanzarote,Canary Islands,oceanic_island_system,sar.sp3,4,April,L,7.0,5.0,2.0,0.193,56
s003,flower_visitor,Generalized,LC,Las Conchas,Lanzarote,Canary Islands,oceanic_island_system,tet.sp,1,January,L,7.0,5.0,2.71,0.195,57
s003,flower_visitor,Generalized,LC,Las Conchas,Lanzarote,Canary Islands,oceanic_island_system,tet.sp,2,February,L,8.0,7.0,3.63,0.262,58
s003,flower_visitor,Generalized,LC,Las Conchas,Lanzarote,Canary Islands,oceanic_island_system,tet.sp,3,March,L,6.0,4.0,3.17,0.136,59
s003,flower_visitor,Generalized,LC,Las Conchas,Lanzarote,Canary Islands,oceanic_island_system,tet.sp,4,April,L,3.0,1.0,1.0,0.34,60
s003,flower_visitor,Generalized,SB,Son Bosc,Mallorca,Balearic Islands,continental_island_system,mel.sp,1,April,L,22.0,15.0,1.59,0.343,61
s003,flower_visitor,Generalized,SB,Son Bosc,Mallorca,Balearic Islands,continental_island_system,mel.sp,2,May,L,16.0,10.0,1.06,,62
s003,flower_visitor,Generalized,SB,Son Bosc,Mallorca,Balearic Islands,continental_island_system,mel.sp,3,June,L,2.0,2.0,3.0,0.005,63
s003,flower_visitor,Generalized,SB,Son Bosc,Mallorca,Balearic Islands,continental_island_system,mel.sp,4,July,L,5.0,3.0,1.0,,64
s003,flower_visitor,Generalized,SB,Son Bosc,Mallorca,Balearic Islands,continental_island_system,psi.sp,1,April,L,15.0,11.0,1.27,0.852,65
s003,flower_visitor,Generalized,SB,Son Bosc,Mallorca,Balearic Islands,continental_island_system,psi.sp,2,May,L,12.0,6.0,1.33,0.253,66
s003,flower_visitor,Generalized,SB,Son Bosc,Mallorca,Balearic Islands,continental_island_system,psi.sp,3,June,L,2.0,1.0,1.0,0.088,67
s003,flower_visitor,Generalized,SB,Son Bosc,Mallorca,Balearic Islands,continental_island_system,rho.sep,1,April,L,3.0,3.0,1.0,0.346,68
s003,flower_visitor,Generalized,SB,Son Bosc,Mallorca,Balearic Islands,continental_island_system,rho.sep,2,May,L,7.0,7.0,1.14,0.871,69
s003,flower_visitor,Generalized,SB,Son Bosc,Mallorca,Balearic Islands,continental_island_system,rho.sep,3,June,L,8.0,6.0,1.5,0.173,70
s003,flower_visitor,Generalized,SB,Son Bosc,Mallorca,Balearic Islands,continental_island_system,rho.sep,4,July,L,1.0,1.0,1.0,1.0,71
s003,flower_visitor,Generalized,SB,Son Bosc,Mallorca,Balearic Islands,continental_island_system,spe.sp,1,April,L,10.0,7.0,1.5,0.413,72
s003,flower_visitor,Generalized,SB,Son Bosc,Mallorca,Balearic Islands,continental_island_system,spe.sp,2,May,L,22.0,11.0,1.32,0.449,73
s003,flower_visitor,Generalized,SB,Son Bosc,Mallorca,Balearic Islands,continental_island_system,spe.sp,3,June,L,10.0,7.0,1.4,0.002,74
s003,flower_visitor,Generalized,SB,Son Bosc,Mallorca,Balearic Islands,continental_island_system,spe.sp,4,July,L,6.0,5.0,2.17,1.0,75
s003,flower_visitor,Generalized,SB,Son Bosc,Mallorca,Balearic Islands,continental_island_system,sph.sp,1,April,L,1.0,1.0,1.0,1.0,76
s003,flower_visitor,Generalized,SB,Son Bosc,Mallorca,Balearic Islands,continental_island_system,sph.sp,2,May,L,7.0,6.0,1.29,0.514,77
s003,flower_visitor,Generalized,SB,Son Bosc,Mallorca,Balearic Islands,continental_island_system,sph.sp,3,June,L,16.0,13.0,1.31,0.006,78
s003,flower_visitor,Generalized,SB,Son Bosc,Mallorca,Balearic Islands,continental_island_system,sph.sp,4,July,L,2.0,2.0,3.0,0.313,79
s003,flower_visitor,Specialized,CB,Caleton Blanco,Lanzarote,Canary Islands,oceanic_island_system,aul.can,1,January,L,1.0,1.0,1.0,1.0,88
s003,flower_visitor,Specialized,CB,Caleton Blanco,Lanzarote,Canary Islands,oceanic_island_system,aul.can,2,February,L,1.0,1.0,2.0,1.0,89
s003,flower_visitor,Specialized,CB,Caleton Blanco,Lanzarote,Canary Islands,oceanic_island_system,aul.can,3,March,L,1.0,1.0,2.0,1.0,90
s003,flower_visitor,Specialized,CB,Caleton Blanco,Lanzarote,Canary Islands,oceanic_island_system,aul.can,4,April,L,1.0,1.0,1.0,1.0,91
s003,flower_visitor,Specialized,CB,Caleton Blanco,Lanzarote,Canary Islands,oceanic_island_system,che.acu,1,January,L,2.0,2.0,2.0,0.163,92
s003,flower_visitor,Specialized,CB,Caleton Blanco,Lanzarote,Canary Islands,oceanic_island_system,che.acu,2,February,L,5.0,4.0,3.2,0.342,93
s003,flower_visitor,Specialized,CB,Caleton Blanco,Lanzarote,Canary Islands,oceanic_island_system,che.acu,3,March,L,2.0,1.0,2.0,0.203,94
s003,flower_visitor,Specialized,CB,Caleton Blanco,Lanzarote,Canary Islands,oceanic_island_system,che.acu,4,April,L,1.0,1.0,1.0,1.0,95
s003,flower_visitor,Specialized,CB,Caleton Blanco,Lanzarote,Canary Islands,oceanic_island_system,sar.sp1,1,January,L,4.0,4.0,2.5,0.364,96
s003,flower_visitor,Specialized,CB,Caleton Blanco,Lanzarote,Canary Islands,oceanic_island_system,sar.sp1,4,April,L,3.0,3.0,2.75,0.15,97
s003,flower_visitor,Specialized,CB,Caleton Blanco,Lanzarote,Canary Islands,oceanic_island_system,van.car,1,January,L,1.0,1.0,1.0,1.0,98
s003,flower_visitor,Specialized,CB,Caleton Blanco,Lanzarote,Canary Islands,oceanic_island_system,van.car,2,February,L,2.0,1.0,2.5,0.043,99
s003,flower_visitor,Specialized,CM,Cala Mesquida,Mallorca,Balearic Islands,continental_island_system,cer.par,3,June,L,2.0,1.0,1.0,0.16,100
s003,flower_visitor,Specialized,CM,Cala Mesquida,Mallorca,Balearic Islands,continental_island_system,cer.par,4,July,L,2.0,1.0,1.5,0.23,101
s003,flower_visitor,Specialized,CM,Cala Mesquida,Mallorca,Balearic Islands,continental_island_system,hec.alb,2,May,L,2.0,1.0,4.0,0.145,102
s003,flower_visitor,Specialized,CM,Cala Mesquida,Mallorca,Balearic Islands,continental_island_system,hec.alb,3,June,L,2.0,1.0,4.0,0.076,103
s003,flower_visitor,Specialized,CM,Cala Mesquida,Mallorca,Balearic Islands,continental_island_system,hop.leu,2,May,L,1.0,1.0,1.0,1.0,104
s003,flower_visitor,Specialized,CM,Cala Mesquida,Mallorca,Balearic Islands,continental_island_system,hop.leu,3,June,L,1.0,1.0,1.0,1.0,105
s003,flower_visitor,Specialized,CM,Cala Mesquida,Mallorca,Balearic Islands,continental_island_system,lep.anc,2,May,L,1.0,1.0,1.0,1.0,106
s003,flower_visitor,Specialized,CM,Cala Mesquida,Mallorca,Balearic Islands,continental_island_system,lep.anc,3,June,L,1.0,1.0,1.0,1.0,107
s003,flower_visitor,Specialized,CM,Cala Mesquida,Mallorca,Balearic Islands,continental_island_system,sar.fil,3,June,L,1.0,1.0,5.0,1.0,108
s003,flower_visitor,Specialized,CM,Cala Mesquida,Mallorca,Balearic Islands,continental_island_system,sar.fil,4,July,L,1.0,1.0,5.0,1.0,109
s003,flower_visitor,Specialized,LC,Las Conchas,Lanzarote,Canary Islands,oceanic_island_system,das.lan,3,March,L,2.0,2.0,3.0,0.116,110
s003,flower_visitor,Specialized,LC,Las Conchas,Lanzarote,Canary Islands,oceanic_island_system,das.lan,4,April,L,2.0,1.0,1.0,0.144,111
s003,flower_visitor,Specialized,LC,Las Conchas,Lanzarote,Canary Islands,oceanic_island_system,hyl.hoh,1,January,L,1.0,1.0,5.0,1.0,112
s003,flower_visitor,Specialized,LC,Las Conchas,Lanzarote,Canary Islands,oceanic_island_system,hyl.hoh,2,February,L,1.0,1.0,5.0,1.0,113
s003,flower_visitor,Specialized,LC,Las Conchas,Lanzarote,Canary Islands,oceanic_island_system,hyl.hoh,3,March,L,1.0,1.0,5.0,1.0,114
s003,flower_visitor,Specialized,LC,Las Conchas,Lanzarote,Canary Islands,oceanic_island_system,luc.ser,1,January,L,2.0,2.0,3.5,0.028,115
s003,flower_visitor,Specialized,LC,Las Conchas,Lanzarote,Canary Islands,oceanic_island_system,luc.ser,2,February,L,1.0,1.0,5.0,1.0,116
s003,flower_visitor,Specialized,LC,Las Conchas,Lanzarote,Canary Islands,oceanic_island_system,luc.ser,3,March,L,1.0,1.0,5.0,1.0,117
s003,flower_visitor,Specialized,LC,Las Conchas,Lanzarote,Canary Islands,oceanic_island_system,luc.ser,4,April,L,1.0,1.0,5.0,1.0,118
s003,flower_visitor,Specialized,LC,Las Conchas,Lanzarote,Canary Islands,oceanic_island_system,nom.dec,2,February,L,1.0,1.0,3.0,1.0,119
s003,flower_visitor,Specialized,LC,Las Conchas,Lanzarote,Canary Islands,oceanic_island_system,nom.dec,3,March,L,1.0,1.0,1.0,1.0,120
s003,flower_visitor,Specialized,LC,Las Conchas,Lanzarote,Canary Islands,oceanic_island_system,nom.dec,4,April,L,1.0,1.0,1.0,1.0,121
s003,flower_visitor,Specialized,LC,Las Conchas,Lanzarote,Canary Islands,oceanic_island_system,osm.lan,2,February,L,3.0,1.0,2.33,0.054,122
s003,flower_visitor,Specialized,LC,Las Conchas,Lanzarote,Canary Islands,oceanic_island_system,osm.lan,3,March,L,5.0,2.0,2.6,0.229,123
s003,flower_visitor,Specialized,LC,Las Conchas,Lanzarote,Canary Islands,oceanic_island_system,osm.lan,4,April,L,2.0,1.0,1.5,0.158,124
s003,flower_visitor,Specialized,SB,Son Bosc,Mallorca,Balearic Islands,continental_island_system,and.mic,2,May,L,2.0,2.0,1.0,0.586,125
s003,flower_visitor,Specialized,SB,Son Bosc,Mallorca,Balearic Islands,continental_island_system,and.mic,3,June,L,2.0,2.0,2.0,0.004,126
s003,flower_visitor,Specialized,SB,Son Bosc,Mallorca,Balearic Islands,continental_island_system,byr.sp,1,April,L,2.0,1.0,1.0,0.204,127
s003,flower_visitor,Specialized,SB,Son Bosc,Mallorca,Balearic Islands,continental_island_system,byr.sp,2,May,L,3.0,1.0,1.0,,128
s003,flower_visitor,Specialized,SB,Son Bosc,Mallorca,Balearic Islands,continental_island_system,eri.aen,3,June,L,2.0,2.0,3.0,0.004,129
s003,flower_visitor,Specialized,SB,Son Bosc,Mallorca,Balearic Islands,continental_island_system,eri.aen,4,July,L,2.0,2.0,3.0,1.0,130
s003,flower_visitor,Specialized,SB,Son Bosc,Mallorca,Balearic Islands,continental_island_system,iso.sp,1,April,L,2.0,2.0,1.0,0.288,131
s003,flower_visitor,Specialized,SB,Son Bosc,Mallorca,Balearic Islands,continental_island_system,iso.sp,2,May,L,2.0,2.0,1.0,0.554,132
s003,flower_visitor,Specialized,SB,Son Bosc,Mallorca,Balearic Islands,continental_island_system,oxy.fun,2,May,L,2.0,2.0,1.0,0.704,133
s003,flower_visitor,Specialized,SB,Son Bosc,Mallorca,Balearic Islands,continental_island_system,oxy.fun,3,June,L,1.0,1.0,1.0,1.0,134
s003,flower_visitor,Opportunistic,CB,Caleton Blanco,Lanzarote,Canary Islands,oceanic_island_system,che.acu,1,January,d_prime,0.57,2.0,2.0,0.163,141
s003,flower_visitor,Opportunistic,CB,Caleton Blanco,Lanzarote,Canary Islands,oceanic_island_system,che.acu,2,February,d_prime,0.33,4.0,3.2,0.342,142
s003,flower_visitor,Opportunistic,CB,Caleton Blanco,Lanzarote,Canary Islands,oceanic_island_system,che.acu,3,March,d_prime,0.41,1.0,2.5,0.203,143
s003,flower_visitor,Opportunistic,CB,Caleton Blanco,Lanzarote,Canary Islands,oceanic_island_system,che.acu,4,April,d_prime,0.59,1.0,1.0,1.0,144
s003,flower_visitor,Opportunistic,CB,Caleton Blanco,Lanzarote,Canary Islands,oceanic_island_system,pla.mau,1,January,d_prime,0.44,2.0,2.5,0.098,145
s003,flower_visitor,Opportunistic,CB,Caleton Blanco,Lanzarote,Canary Islands,oceanic_island_system,pla.mau,2,February,d_prime,0.39,4.0,2.0,0.332,146
s003,flower_visitor,Opportunistic,CB,Caleton Blanco,Lanzarote,Canary Islands,oceanic_island_system,pla.mau,3,March,d_prime,0.31,5.0,2.5,0.283,147
s003,flower_visitor,Opportunistic,CB,Caleton Blanco,Lanzarote,Canary Islands,oceanic_island_system,pla.mau,4,April,d_prime,0.62,4.0,2.5,0.18,148
s003,flower_visitor,Opportunistic,CB,Caleton Blanco,Lanzarote,Canary Islands,oceanic_island_system,sar.sp1,1,January,d_prime,0.41,4.0,2.5,0.364,149
s003,flower_visitor,Opportunistic,CB,Caleton Blanco,Lanzarote,Canary Islands,oceanic_island_system,sar.sp1,4,April,d_prime,0.22,3.0,3.33,0.15,150
s003,flower_visitor,Opportunistic,CB,Caleton Blanco,Lanzarote,Canary Islands,oceanic_island_system,tet.sp,1,January,d_prime,0.58,5.0,2.5,0.437,151
s003,flower_visitor,Opportunistic,CB,Caleton Blanco,Lanzarote,Canary Islands,oceanic_island_system,tet.sp,2,February,d_prime,0.48,8.0,2.36,0.427,152
s003,flower_visitor,Opportunistic,CB,Caleton Blanco,Lanzarote,Canary Islands,oceanic_island_system,tet.sp,3,March,d_prime,0.24,10.0,2.85,0.42,153
s003,flower_visitor,Opportunistic,CB,Caleton Blanco,Lanzarote,Canary Islands,oceanic_island_system,tet.sp,4,April,d_prime,0.4,6.0,2.63,0.315,154
s003,flower_visitor,Opportunistic,CB,Caleton Blanco,Lanzarote,Canary Islands,oceanic_island_system,van.car,1,January,d_prime,0.55,1.0,3.0,1.0,155
s003,flower_visitor,Opportunistic,CB,Caleton Blanco,Lanzarote,Canary Islands,oceanic_island_system,van.car,2,February,d_prime,0.4,1.0,2.5,0.043,156
s003,flower_visitor,Opportunistic,CM,Cala Mesquida,Mallorca,Balearic Islands,continental_island_system,bru.sp,1,April,d_prime,0.81,1.0,1.0,1.0,157
s003,flower_visitor,Opportunistic,CM,Cala Mesquida,Mallorca,Balearic Islands,continental_island_system,bru.sp,2,May,d_prime,0.28,4.0,1.86,0.289,158
s003,flower_visitor,Opportunistic,CM,Cala Mesquida,Mallorca,Balearic Islands,continental_island_system,bru.sp,3,June,d_prime,0.09,3.0,2.33,0.14,159
s003,flower_visitor,Opportunistic,CM,Cala Mesquida,Mallorca,Balearic Islands,continental_island_system,bru.sp,4,July,d_prime,0.16,2.0,3.33,0.043,160
s003,flower_visitor,Opportunistic,CM,Cala Mesquida,Mallorca,Balearic Islands,continental_island_system,chl.sp,2,May,d_prime,0.55,1.0,1.0,1.0,161
s003,flower_visitor,Opportunistic,CM,Cala Mesquida,Mallorca,Balearic Islands,continental_island_system,chl.sp,4,July,d_prime,0.12,1.0,5.0,1.0,162
s003,flower_visitor,Opportunistic,CM,Cala Mesquida,Mallorca,Balearic Islands,continental_island_system,par.tib,2,May,d_prime,0.8,4.0,3.0,0.209,163
s003,flower_visitor,Opportunistic,CM,Cala Mesquida,Mallorca,Balearic Islands,continental_island_system,par.tib,3,June,d_prime,0.8,5.0,2.56,0.227,164
s003,flower_visitor,Opportunistic,CM,Cala Mesquida,Mallorca,Balearic Islands,continental_island_system,pla.pyg,1,April,d_prime,0.73,2.0,2.0,0.247,165
s003,flower_visitor,Opportunistic,CM,Cala Mesquida,Mallorca,Balearic Islands,continental_island_system,pla.pyg,2,May,d_prime,0.48,5.0,1.83,0.22,166
s003,flower_visitor,Opportunistic,CM,Cala Mesquida,Mallorca,Balearic Islands,continental_island_system,pla.pyg,3,June,d_prime,0.22,4.0,2.17,0.142,167
s003,flower_visitor,Opportunistic,CM,Cala Mesquida,Mallorca,Balearic Islands,continental_island_system,tra.sp,2,May,d_prime,0.52,2.0,2.0,0.151,168
s003,flower_visitor,Opportunistic,CM,Cala Mesquida,Mallorca,Balearic Islands,continental_island_system,tra.sp,3,June,d_prime,0.21,3.0,3.33,0.096,169
s003,flower_visitor,Opportunistic,CM,Cala Mesquida,Mallorca,Balearic Islands,continental_island_system,tra.sp,4,July,d_prime,0.12,1.0,5.0,1.0,170
s003,flower_visitor,Opportunistic,LC,Las Conchas,Lanzarote,Canary Islands,oceanic_island_system,ana.pro,1,January,d_prime,0.15,1.0,5.0,1.0,171
s003,flower_visitor,Opportunistic,LC,Las Conchas,Lanzarote,Canary Islands,oceanic_island_system,ana.pro,2,February,d_prime,0.14,1.0,5.0,1.0,172
s003,flower_visitor,Opportunistic,LC,Las Conchas,Lanzarote,Canary Islands,oceanic_island_system,ant.all,1,January,d_prime,0.69,5.0,2.5,0.168,173
s003,flower_visitor,Opportunistic,LC,Las Conchas,Lanzarote,Canary Islands,oceanic_island_system,ant.all,2,February,d_prime,0.47,6.0,3.75,0.262,174
s003,flower_visitor,Opportunistic,LC,Las Conchas,Lanzarote,Canary Islands,oceanic_island_system,ant.all,3,March,d_prime,0.44,6.0,2.91,0.202,175
s003,flower_visitor,Opportunistic,LC,Las Conchas,Lanzarote,Canary Islands,oceanic_island_system,ant.all,4,April,d_prime,0.36,5.0,2.17,0.197,176
s003,flower_visitor,Opportunistic,LC,Las Conchas,Lanzarote,Canary Islands,oceanic_island_system,att.sp,1,January,d_prime,0.33,1.0,3.0,1.0,177
s003,flower_visitor,Opportunistic,LC,Las Conchas,Lanzarote,Canary Islands,oceanic_island_system,att.sp,3,March,d_prime,0.45,4.0,2.22,0.264,178
s003,flower_visitor,Opportunistic,LC,Las Conchas,Lanzarote,Canary Islands,oceanic_island_system,att.sp,4,April,d_prime,0.46,4.0,1.56,0.173,179
s003,flower_visitor,Opportunistic,LC,Las Conchas,Lanzarote,Canary Islands,oceanic_island_system,das.lan,3,March,d_prime,0.22,2.0,3.0,0.001,180
s003,flower_visitor,Opportunistic,LC,Las Conchas,Lanzarote,Canary Islands,oceanic_island_system,das.lan,4,April,d_prime,0.53,1.0,1.0,0.153,181
s003,flower_visitor,Opportunistic,LC,Las Conchas,Lanzarote,Canary Islands,oceanic_island_system,eup.cor,2,February,d_prime,0.36,3.0,3.67,0.079,182
s003,flower_visitor,Opportunistic,LC,Las Conchas,Lanzarote,Canary Islands,oceanic_island_system,eup.cor,4,April,d_prime,0.34,1.0,5.0,1.0,183
s003,flower_visitor,Opportunistic,LC,Las Conchas,Lanzarote,Canary Islands,oceanic_island_system,sar.sp3,1,January,d_prime,0.33,5.0,3.33,0.177,184
s003,flower_visitor,Opportunistic,LC,Las Conchas,Lanzarote,Canary Islands,oceanic_island_system,sar.sp3,2,February,d_prime,0.46,5.0,4.0,0.213,185
s003,flower_visitor,Opportunistic,LC,Las Conchas,Lanzarote,Canary Islands,oceanic_island_system,sar.sp3,3,March,d_prime,0.81,4.0,2.8,0.14,186
s003,flower_visitor,Opportunistic,LC,Las Conchas,Lanzarote,Canary Islands,oceanic_island_system,sar.sp3,4,April,d_prime,0.39,5.0,2.0,0.193,187
s003,flower_visitor,Opportunistic,SB,Son Bosc,Mallorca,Balearic Islands,continental_island_system,chl.tri,2,May,d_prime,0.36,2.0,2.5,0.058,188
s003,flower_visitor,Opportunistic,SB,Son Bosc,Mallorca,Balearic Islands,continental_island_system,chl.tri,3,June,d_prime,0.14,5.0,2.6,0.031,189
s003,flower_visitor,Opportunistic,SB,Son Bosc,Mallorca,Balearic Islands,continental_island_system,eri.aen,3,June,d_prime,0.11,2.0,3.0,0.004,190
s003,flower_visitor,Opportunistic,SB,Son Bosc,Mallorca,Balearic Islands,continental_island_system,eri.aen,4,July,d_prime,0.06,2.0,3.0,1.0,191
s003,flower_visitor,Opportunistic,SB,Son Bosc,Mallorca,Balearic Islands,continental_island_system,oed.sim,2,May,d_prime,0.62,3.0,1.33,0.819,192
s003,flower_visitor,Opportunistic,SB,Son Bosc,Mallorca,Balearic Islands,continental_island_system,oed.sim,3,June,d_prime,0.24,4.0,2.25,0.002,193
s003,flower_visitor,Opportunistic,SB,Son Bosc,Mallorca,Balearic Islands,continental_island_system,ste.dec,1,April,d_prime,0.67,2.0,1.33,,194
s003,flower_visitor,Opportunistic,SB,Son Bosc,Mallorca,Balearic Islands,continental_island_system,ste.dec,2,May,d_prime,0.26,5.0,1.83,0.277,195
s003,flower_visitor,Opportunistic,SB,Son Bosc,Mallorca,Balearic Islands,continental_island_system,ste.dec,3,June,d_prime,0.34,1.0,5.0,1.0,196
s003,flower_visitor,Opportunistic,SB,Son Bosc,Mallorca,Balearic Islands,continental_island_system,sto.lun,2,May,d_prime,0.72,1.0,1.0,1.0,197
s003,flower_visitor,Opportunistic,SB,Son Bosc,Mallorca,Balearic Islands,continental_island_system,sto.lun,3,June,d_prime,0.11,5.0,1.67,0.011,198
s003,flower_visitor,Selective,CB,Caleton Blanco,Lanzarote,Canary Islands,oceanic_island_system,aul.can,1,January,d_prime,0.59,1.0,1.0,1.0,205
s003,flower_visitor,Selective,CB,Caleton Blanco,Lanzarote,Canary Islands,oceanic_island_system,aul.can,3,March,d_prime,0.5,1.0,2.0,1.0,206
s003,flower_visitor,Selective,CB,Caleton Blanco,Lanzarote,Canary Islands,oceanic_island_system,aul.can,4,April,d_prime,0.52,1.0,1.0,1.0,207
s003,flower_visitor,Selective,CB,Caleton Blanco,Lanzarote,Canary Islands,oceanic_island_system,lep.for,2,February,d_prime,0.78,2.0,3.0,0.177,208
s003,flower_visitor,Selective,CB,Caleton Blanco,Lanzarote,Canary Islands,oceanic_island_system,lep.for,4,April,d_prime,0.58,3.0,1.5,0.29,209
s003,flower_visitor,Selective,CB,Caleton Blanco,Lanzarote,Canary Islands,oceanic_island_system,osm.lan,3,March,d_prime,0.86,2.0,3.5,0.085,210
s003,flower_visitor,Selective,CB,Caleton Blanco,Lanzarote,Canary Islands,oceanic_island_system,osm.lan,4,April,d_prime,0.77,4.0,1.33,0.284,211
s003,flower_visitor,Selective,CB,Caleton Blanco,Lanzarote,Canary Islands,oceanic_island_system,tem.pro,1,January,d_prime,0.62,4.0,3.0,0.351,212
s003,flower_visitor,Selective,CB,Caleton Blanco,Lanzarote,Canary Islands,oceanic_island_system,tem.pro,2,February,d_prime,0.2,4.0,2.25,0.352,213
s003,flower_visitor,Selective,CB,Caleton Blanco,Lanzarote,Canary Islands,oceanic_island_system,tem.pro,3,March,d_prime,0.42,2.0,3.0,0.164,214
s003,flower_visitor,Selective,CM,Cala Mesquida,Mallorca,Balearic Islands,continental_island_system,acm.con,2,May,d_prime,0.75,1.0,1.0,,215
s003,flower_visitor,Selective,CM,Cala Mesquida,Mallorca,Balearic Islands,continental_island_system,acm.con,3,June,d_prime,0.83,1.0,1.0,,216
s003,flower_visitor,Selective,CM,Cala Mesquida,Mallorca,Balearic Islands,continental_island_system,cha.sic,1,April,d_prime,0.72,1.0,2.5,0.006,217
s003,flower_visitor,Selective,CM,Cala Mesquida,Mallorca,Balearic Islands,continental_island_system,cha.sic,2,May,d_prime,0.59,4.0,1.43,0.366,218
s003,flower_visitor,Selective,CM,Cala Mesquida,Mallorca,Balearic Islands,continental_island_system,cha.sic,3,June,d_prime,0.95,3.0,1.0,0.407,219
s003,flower_visitor,Selective,CM,Cala Mesquida,Mallorca,Balearic Islands,continental_island_system,hop.leu,2,May,d_prime,0.8,1.0,1.0,1.0,220
s003,flower_visitor,Selective,CM,Cala Mesquida,Mallorca,Balearic Islands,continental_island_system,hop.leu,3,June,d_prime,0.8,1.0,1.0,1.0,221
s003,flower_visitor,Selective,CM,Cala Mesquida,Mallorca,Balearic Islands,continental_island_system,lep.anc,2,May,d_prime,0.79,1.0,1.0,1.0,222
s003,flower_visitor,Selective,CM,Cala Mesquida,Mallorca,Balearic Islands,continental_island_system,lep.anc,3,June,d_prime,0.58,1.0,1.0,1.0,223
s003,flower_visitor,Selective,CM,Cala Mesquida,Mallorca,Balearic Islands,continental_island_system,sar.unc,1,April,d_prime,0.73,3.0,2.25,0.166,224
s003,flower_visitor,Selective,CM,Cala Mesquida,Mallorca,Balearic Islands,continental_island_system,sar.unc,2,May,d_prime,0.82,4.0,2.25,0.205,225
s003,flower_visitor,Selective,LC,Las Conchas,Lanzarote,Canary Islands,oceanic_island_system,las.sp,2,February,d_prime,0.28,2.0,2.5,0.17,226
s003,flower_visitor,Selective,LC,Las Conchas,Lanzarote,Canary Islands,oceanic_island_system,las.sp,3,March,d_prime,0.72,1.0,2.0,0.189,227
s003,flower_visitor,Selective,LC,Las Conchas,Lanzarote,Canary Islands,oceanic_island_system,las.sp,4,April,d_prime,0.55,5.0,1.43,0.175,228
s003,flower_visitor,Selective,LC,Las Conchas,Lanzarote,Canary Islands,oceanic_island_system,luc.ser,1,January,d_prime,0.3,2.0,3.5,0.028,229
s003,flower_visitor,Selective,LC,Las Conchas,Lanzarote,Canary Islands,oceanic_island_system,luc.ser,2,February,d_prime,0.46,1.0,5.0,1.0,230
s003,flower_visitor,Selective,LC,Las Conchas,Lanzarote,Canary Islands,oceanic_island_system,mel.var,1,January,d_prime,0.77,4.0,2.0,0.327,231
s003,flower_visitor,Selective,LC,Las Conchas,Lanzarote,Canary Islands,oceanic_island_system,mel.var,2,February,d_prime,0.6,3.0,2.75,0.121,232
s003,flower_visitor,Selective,LC,Las Conchas,Lanzarote,Canary Islands,oceanic_island_system,mel.var,3,March,d_prime,0.84,3.0,2.4,0.243,233
s003,flower_visitor,Selective,LC,Las Conchas,Lanzarote,Canary Islands,oceanic_island_system,mel.var,4,April,d_prime,0.76,2.0,1.25,0.166,234
s003,flower_visitor,Selective,LC,Las Conchas,Lanzarote,Canary Islands,oceanic_island_system,nom.dec,3,March,d_prime,1.0,1.0,1.0,1.0,235
s003,flower_visitor,Selective,LC,Las Conchas,Lanzarote,Canary Islands,oceanic_island_system,nom.dec,4,April,d_prime,0.99,1.0,1.0,1.0,236
s003,flower_visitor,Selective,LC,Las Conchas,Lanzarote,Canary Islands,oceanic_island_system,osm.lan,2,February,d_prime,0.56,1.0,2.33,0.054,237
s003,flower_visitor,Selective,LC,Las Conchas,Lanzarote,Canary Islands,oceanic_island_system,osm.lan,3,March,d_prime,0.78,2.0,2.6,0.229,238
s003,flower_visitor,Selective,LC,Las Conchas,Lanzarote,Canary Islands,oceanic_island_system,osm.lan,4,April,d_prime,0.99,1.0,1.5,0.158,239
s003,flower_visitor,Selective,SB,Son Bosc,Mallorca,Balearic Islands,continental_island_system,and.mic,2,May,d_prime,0.56,2.0,1.0,0.586,240
s003,flower_visitor,Selective,SB,Son Bosc,Mallorca,Balearic Islands,continental_island_system,and.mic,3,June,d_prime,1.0,2.0,2.0,0.004,241
s003,flower_visitor,Selective,SB,Son Bosc,Mallorca,Balearic Islands,continental_island_system,api.mel,1,April,d_prime,0.93,5.0,1.17,,242
s003,flower_visitor,Selective,SB,Son Bosc,Mallorca,Balearic Islands,continental_island_system,api.mel,2,May,d_prime,0.78,9.0,1.7,0.073,243
s003,flower_visitor,Selective,SB,Son Bosc,Mallorca,Balearic Islands,continental_island_system,api.mel,3,June,d_prime,0.82,7.0,1.89,0.101,244
s003,flower_visitor,Selective,SB,Son Bosc,Mallorca,Balearic Islands,continental_island_system,las.gri,3,June,d_prime,0.83,4.0,1.0,0.887,245
s003,flower_visitor,Selective,SB,Son Bosc,Mallorca,Balearic Islands,continental_island_system,las.gri,4,July,d_prime,0.94,4.0,1.0,0.861,246
s003,flower_visitor,Selective,SB,Son Bosc,Mallorca,Balearic Islands,continental_island_system,mel.sp,1,April,d_prime,0.85,15.0,1.59,0.343,247
s003,flower_visitor,Selective,SB,Son Bosc,Mallorca,Balearic Islands,continental_island_system,mel.sp,2,May,d_prime,0.61,10.0,1.06,,248
s003,flower_visitor,Selective,SB,Son Bosc,Mallorca,Balearic Islands,continental_island_system,mel.sp,3,June,d_prime,0.06,2.0,3.0,0.005,249
s003,flower_visitor,Selective,SB,Son Bosc,Mallorca,Balearic Islands,continental_island_system,mel.sp,4,July,d_prime,0.71,3.0,1.0,,250
s003,flower_visitor,Selective,SB,Son Bosc,Mallorca,Balearic Islands,continental_island_system,par.tib,2,May,d_prime,0.98,4.0,1.2,0.405,251
s003,flower_visitor,Selective,SB,Son Bosc,Mallorca,Balearic Islands,continental_island_system,par.tib,3,June,d_prime,0.67,5.0,1.2,0.229,252
s004,plant,Generalized,CB,Caleton Blanco,Lanzarote,Canary Islands,oceanic_island_system,cak.mar,1,,L,5.0,5.0,2.8,0.183,6
s004,plant,Generalized,CB,Caleton Blanco,Lanzarote,Canary Islands,oceanic_island_system,cak.mar,2,,L,4.0,3.0,2.75,0.184,7
s004,plant,Generalized,CB,Caleton Blanco,Lanzarote,Canary Islands,oceanic_island_system,cak.mar,3,,L,3.0,3.0,3.0,0.026,8
s004,plant,Generalized,CB,Caleton Blanco,Lanzarote,Canary Islands,oceanic_island_system,cak.mar,4,,L,7.0,5.0,2.71,0.263,9
s004,plant,Generalized,CB,Caleton Blanco,Lanzarote,Canary Islands,oceanic_island_system,eup.bal,1,,L,10.0,4.0,1.7,0.453,10
s004,plant,Generalized,CB,Caleton Blanco,Lanzarote,Canary Islands,oceanic_island_system,eup.bal,2,,L,9.0,4.0,2.22,0.309,11
s004,plant,Generalized,CB,Caleton Blanco,Lanzarote,Canary Islands,oceanic_island_system,eup.bal,3,,L,11.0,4.0,2.27,0.143,12
s004,plant,Generalized,CB,Caleton Blanco,Lanzarote,Canary Islands,oceanic_island_system,eup.bal,4,,L,9.0,5.0,2.22,0.275,13
s004,plant,Generalized,CB,Caleton Blanco,Lanzarote,Canary Islands,oceanic_island_system,lau.arb,1,,L,7.0,4.0,2.71,0.257,14
s004,plant,Generalized,CB,Caleton Blanco,Lanzarote,Canary Islands,oceanic_island_system,lau.arb,2,,L,10.0,6.0,1.7,0.282,15
s004,plant,Generalized,CB,Caleton Blanco,Lanzarote,Canary Islands,oceanic_island_system,lau.arb,3,,L,5.0,5.0,2.4,0.088,16
s004,plant,Generalized,CB,Caleton Blanco,Lanzarote,Canary Islands,oceanic_island_system,lau.arb,4,,L,7.0,6.0,2.86,0.248,17
s004,plant,Generalized,CB,Caleton Blanco,Lanzarote,Canary Islands,oceanic_island_system,pol.niv,1,,L,5.0,2.0,2.6,0.175,18
s004,plant,Generalized,CB,Caleton Blanco,Lanzarote,Canary Islands,oceanic_island_system,pol.niv,2,,L,8.0,4.0,2.13,0.263,19
s004,plant,Generalized,CB,Caleton Blanco,Lanzarote,Canary Islands,oceanic_island_system,pol.niv,3,,L,3.0,2.0,3.67,0.09,20
s004,plant,Generalized,CB,Caleton Blanco,Lanzarote,Canary Islands,oceanic_island_system,pol.niv,4,,L,4.0,3.0,3.25,0.171,21
s004,plant,Generalized,CB,Caleton Blanco,Lanzarote,Canary Islands,oceanic_island_system,zyg.fon,1,,L,6.0,5.0,2.33,0.184,22
s004,plant,Generalized,CB,Caleton Blanco,Lanzarote,Canary Islands,oceanic_island_system,zyg.fon,2,,L,4.0,3.0,2.75,0.176,23
s004,plant,Generalized,CB,Caleton Blanco,Lanzarote,Canary Islands,oceanic_island_system,zyg.fon,3,,L,4.0,2.0,2.75,0.04,24
s004,plant,Generalized,CB,Caleton Blanco,Lanzarote,Canary Islands,oceanic_island_system,zyg.fon,4,,L,1.0,1.0,5.0,1.0,25
s004,plant,Generalized,CM,Cala Mesquida,Mallorca,Balearic Islands,continental_island_system,cis.mon,1,,L,2.0,2.0,2.0,0.217,26
s004,plant,Generalized,CM,Cala Mesquida,Mallorca,Balearic Islands,continental_island_system,cis.mon,2,,L,19.0,6.0,1.53,0.519,27
s004,plant,Generalized,CM,Cala Mesquida,Mallorca,Balearic Islands,continental_island_system,eup.par,2,,L,17.0,6.0,1.71,0.453,28
s004,plant,Generalized,CM,Cala Mesquida,Mallorca,Balearic Islands,continental_island_system,eup.par,3,,L,32.0,8.0,1.66,0.433,29
s004,plant,Generalized,CM,Cala Mesquida,Mallorca,Balearic Islands,continental_island_system,eup.par,4,,L,15.0,5.0,2.27,0.425,30
s004,plant,Generalized,CM,Cala Mesquida,Mallorca,Balearic Islands,continental_island_system,gal.tom,1,,L,4.0,3.0,3.5,0.224,31
s004,plant,Generalized,CM,Cala Mesquida,Mallorca,Balearic Islands,continental_island_system,gal.tom,2,,L,9.0,5.0,2.22,0.113,32
s004,plant,Generalized,CM,Cala Mesquida,Mallorca,Balearic Islands,continental_island_system,gal.tom,3,,L,6.0,3.0,1.67,0.344,33
s004,plant,Generalized,CM,Cala Mesquida,Mallorca,Balearic Islands,continental_island_system,lau.cer,2,,L,5.0,3.0,2.6,0.072,34
s004,plant,Generalized,CM,Cala Mesquida,Mallorca,Balearic Islands,continental_island_system,lau.cer,3,,L,13.0,6.0,2.31,0.33,35
s004,plant,Generalized,CM,Cala Mesquida,Mallorca,Balearic Islands,continental_island_system,lau.cer,4,,L,3.0,3.0,2.33,0.181,36
s004,plant,Generalized,CM,Cala Mesquida,Mallorca,Balearic Islands,continental_island_system,sco.his,3,,L,12.0,4.0,1.25,0.455,37
s004,plant,Generalized,CM,Cala Mesquida,Mallorca,Balearic Islands,continental_island_system,sco.his,4,,L,6.0,3.0,1.67,0.271,38
s004,plant,Generalized,LC,Las Conchas,Lanzarote,Canary Islands,oceanic_island_system,ama.pin,1,,L,4.0,2.0,2.75,0.192,39
s004,plant,Generalized,LC,Las Conchas,Lanzarote,Canary Islands,oceanic_island_system,ama.pin,2,,L,6.0,4.0,2.5,0.242,40
s004,plant,Generalized,LC,Las Conchas,Lanzarote,Canary Islands,oceanic_island_system,ama.pin,3,,L,7.0,5.0,2.29,0.265,41
s004,plant,Generalized,LC,Las Conchas,Lanzarote,Canary Islands,oceanic_island_system,ama.pin,4,,L,5.0,3.0,2.8,0.318,42
s004,plant,Generalized,LC,Las Conchas,Lanzarote,Canary Islands,oceanic_island_system,ast.lat,1,,L,15.0,4.0,1.73,0.371,43
s004,plant,Generalized,LC,Las Conchas,Lanzarote,Canary Islands,oceanic_island_system,ast.lat,2,,L,12.0,6.0,1.67,0.262,44
s004,plant,Generalized,LC,Las Conchas,Lanzarote,Canary Islands,oceanic_island_system,ast.lat,3,,L,9.0,5.0,1.33,0.299,45
s004,plant,Generalized,LC,Las Conchas,Lanzarote,Canary Islands,oceanic_island_system,ast.lat,4,,L,13.0,6.0,1.54,0.391,46
s004,plant,Generalized,LC,Las Conchas,Lanzarote,Canary Islands,oceanic_island_system,cak.mar,1,,L,10.0,6.0,1.8,0.115,47
s004,plant,Generalized,LC,Las Conchas,Lanzarote,Canary Islands,oceanic_island_system,cak.mar,2,,L,8.0,4.0,2.5,0.247,48
s004,plant,Generalized,LC,Las Conchas,Lanzarote,Canary Islands,oceanic_island_system,cak.mar,3,,L,10.0,4.0,2.3,0.307,49
s004,plant,Generalized,LC,Las Conchas,Lanzarote,Canary Islands,oceanic_island_system,cak.mar,4,,L,5.0,4.0,3.2,0.318,50
s004,plant,Generalized,LC,Las Conchas,Lanzarote,Canary Islands,oceanic_island_system,lau.arb,1,,L,11.0,5.0,2.27,0.191,51
s004,plant,Generalized,LC,Las Conchas,Lanzarote,Canary Islands,oceanic_island_system,lau.arb,2,,L,8.0,5.0,2.38,0.247,52
s004,plant,Generalized,LC,Las Conchas,Lanzarote,Canary Islands,oceanic_island_system,lau.arb,3,,L,7.0,3.0,2.71,0.282,53
s004,plant,Generalized,LC,Las Conchas,Lanzarote,Canary Islands,oceanic_island_system,lau.arb,4,,L,12.0,5.0,2.33,0.289,54
s004,plant,Generalized,LC,Las Conchas,Lanzarote,Canary Islands,oceanic_island_system,pol.niv,1,,L,7.0,2.0,1.71,0.242,55
s004,plant,Generalized,LC,Las Conchas,Lanzarote,Canary Islands,oceanic_island_system,pol.niv,2,,L,7.0,3.0,2.0,0.23,56
s004,plant,Generalized,LC,Las Conchas,Lanzarote,Canary Islands,oceanic_island_system,pol.niv,3,,L,6.0,3.0,1.83,0.189,57
s004,plant,Generalized,LC,Las Conchas,Lanzarote,Canary Islands,oceanic_island_system,pol.niv,4,,L,3.0,2.0,1.67,0.184,58
s004,plant,Generalized,SB,Son Bosc,Mallorca,Balearic Islands,continental_island_system,cis.sal,1,,L,8.0,3.0,1.88,0.079,59
s004,plant,Generalized,SB,Son Bosc,Mallorca,Balearic Islands,continental_island_system,cis.sal,2,,L,15.0,6.0,2.6,0.254,60
s004,plant,Generalized,SB,Son Bosc,Mallorca,Balearic Islands,continental_island_system,con.arv,2,,L,4.0,3.0,4.75,0.182,61
s004,plant,Generalized,SB,Son Bosc,Mallorca,Balearic Islands,continental_island_system,con.arv,3,,L,13.0,6.0,2.08,0.225,62
s004,plant,Generalized,SB,Son Bosc,Mallorca,Balearic Islands,continental_island_system,con.arv,4,,L,7.0,4.0,2.43,0.334,63
s004,plant,Generalized,SB,Son Bosc,Mallorca,Balearic Islands,continental_island_system,dau.car,2,,L,14.0,6.0,1.93,0.221,64
s004,plant,Generalized,SB,Son Bosc,Mallorca,Balearic Islands,continental_island_system,dau.car,3,,L,19.0,7.0,1.74,0.269,65
s004,plant,Generalized,SB,Son Bosc,Mallorca,Balearic Islands,continental_island_system,dau.car,4,,L,12.0,6.0,2.0,0.333,66
s004,plant,Generalized,SB,Son Bosc,Mallorca,Balearic Islands,continental_island_system,eup.ter,1,,L,9.0,4.0,2.44,0.139,67
s004,plant,Generalized,SB,Son Bosc,Mallorca,Balearic Islands,continental_island_system,eup.ter,2,,L,8.0,4.0,2.25,0.16,68
s004,plant,Generalized,SB,Son Bosc,Mallorca,Balearic Islands,continental_island_system,eup.ter,3,,L,7.0,6.0,2.29,0.144,69
s004,plant,Generalized,SB,Son Bosc,Mallorca,Balearic Islands,continental_island_system,pot.rep,2,,L,11.0,6.0,2.45,0.251,70
s004,plant,Generalized,SB,Son Bosc,Mallorca,Balearic Islands,continental_island_system,pot.rep,3,,L,15.0,6.0,1.93,0.265,71
s004,plant,Specialized,CB,Caleton Blanco,Lanzarote,Canary Islands,oceanic_island_system,ama.peq,2,,L,1.0,1.0,5.0,1.0,78
s004,plant,Specialized,CB,Caleton Blanco,Lanzarote,Canary Islands,oceanic_island_system,ama.peq,3,,L,1.0,1.0,5.0,1.0,79
s004,plant,Specialized,CB,Caleton Blanco,Lanzarote,Canary Islands,oceanic_island_system,ama.peq,4,,L,4.0,3.0,3.25,0.199,80
s004,plant,Specialized,CB,Caleton Blanco,Lanzarote,Canary Islands,oceanic_island_system,atr.sp,3,,L,1.0,1.0,5.0,1.0,81
s004,plant,Specialized,CB,Caleton Blanco,Lanzarote,Canary Islands,oceanic_island_system,atr.sp,4,,L,2.0,2.0,2.0,0.198,82
s004,plant,Specialized,CB,Caleton Blanco,Lanzarote,Canary Islands,oceanic_island_system,nic.gla,2,,L,1.0,1.0,5.0,1.0,83
s004,plant,Specialized,CB,Caleton Blanco,Lanzarote,Canary Islands,oceanic_island_system,nic.gla,3,,L,2.0,2.0,4.5,0.079,84
s004,plant,Specialized,CB,Caleton Blanco,Lanzarote,Canary Islands,oceanic_island_system,pol.mar,1,,L,1.0,1.0,1.0,1.0,85
s004,plant,Specialized,CB,Caleton Blanco,Lanzarote,Canary Islands,oceanic_island_system,pol.mar,2,,L,2.0,2.0,4.5,0.139,86
s004,plant,Specialized,CB,Caleton Blanco,Lanzarote,Canary Islands,oceanic_island_system,pol.mar,3,,L,2.0,1.0,3.5,0.009,87
s004,plant,Specialized,CB,Caleton Blanco,Lanzarote,Canary Islands,oceanic_island_system,pol.mar,4,,L,1.0,1.0,5.0,1.0,88
s004,plant,Specialized,CB,Caleton Blanco,Lanzarote,Canary Islands,oceanic_island_system,tra.moq,1,,L,1.0,1.0,3.0,1.0,89
s004,plant,Specialized,CB,Caleton Blanco,Lanzarote,Canary Islands,oceanic_island_system,tra.moq,2,,L,1.0,1.0,4.0,1.0,90
s004,plant,Specialized,CM,Cala Mesquida,Mallorca,Balearic Islands,continental_island_system,aet.bul,1,,L,3.0,2.0,3.67,0.167,91
s004,plant,Specialized,CM,Cala Mesquida,Mallorca,Balearic Islands,continental_island_system,aet.bul,2,,L,1.0,1.0,4.0,1.0,92
s004,plant,Specialized,CM,Cala Mesquida,Mallorca,Balearic Islands,continental_island_system,ast.bal,1,,L,2.0,1.0,3.5,0.219,93
s004,plant,Specialized,CM,Cala Mesquida,Mallorca,Balearic Islands,continental_island_system,ast.bal,2,,L,1.0,1.0,2.0,1.0,94
s004,plant,Specialized,CM,Cala Mesquida,Mallorca,Balearic Islands,continental_island_system,lag.ova,1,,L,1.0,1.0,5.0,1.0,95
s004,plant,Specialized,CM,Cala Mesquida,Mallorca,Balearic Islands,continental_island_system,lag.ova,2,,L,3.0,2.0,2.67,0.168,96
s004,plant,Specialized,CM,Cala Mesquida,Mallorca,Balearic Islands,continental_island_system,ono.nat,2,,L,1.0,1.0,2.0,1.0,97
s004,plant,Specialized,CM,Cala Mesquida,Mallorca,Balearic Islands,continental_island_system,ono.nat,3,,L,2.0,2.0,1.0,0.273,98
s004,plant,Specialized,CM,Cala Mesquida,Mallorca,Balearic Islands,continental_island_system,pol.pol,1,,L,1.0,1.0,3.0,1.0,99
s004,plant,Specialized,CM,Cala Mesquida,Mallorca,Balearic Islands,continental_island_system,pol.pol,2,,L,2.0,2.0,1.5,0.241,100
s004,plant,Specialized,LC,Las Conchas,Lanzarote,Canary Islands,oceanic_island_system,atr.sp,1,,L,1.0,1.0,4.0,1.0,101
s004,plant,Specialized,LC,Las Conchas,Lanzarote,Canary Islands,oceanic_island_system,atr.sp,2,,L,1.0,1.0,1.0,1.0,102
s004,plant,Specialized,LC,Las Conchas,Lanzarote,Canary Islands,oceanic_island_system,ero.hes,1,,L,1.0,1.0,1.0,1.0,103
s004,plant,Specialized,LC,Las Conchas,Lanzarote,Canary Islands,oceanic_island_system,ero.hes,2,,L,1.0,1.0,4.0,1.0,104
s004,plant,Specialized,LC,Las Conchas,Lanzarote,Canary Islands,oceanic_island_system,lot.gli,2,,L,1.0,1.0,2.0,1.0,105
s004,plant,Specialized,LC,Las Conchas,Lanzarote,Canary Islands,oceanic_island_system,lot.gli,3,,L,1.0,1.0,2.0,1.0,106
s004,plant,Specialized,LC,Las Conchas,Lanzarote,Canary Islands,oceanic_island_system,lot.gli,4,,L,1.0,1.0,1.0,1.0,107
s004,plant,Specialized,LC,Las Conchas,Lanzarote,Canary Islands,oceanic_island_system,mes.cry,3,,L,1.0,1.0,1.0,1.0,108
s004,plant,Specialized,LC,Las Conchas,Lanzarote,Canary Islands,oceanic_island_system,mes.cry,4,,L,2.0,2.0,2.5,0.142,109
s004,plant,Specialized,LC,Las Conchas,Lanzarote,Canary Islands,oceanic_island_system,ono.tou,3,,L,2.0,2.0,2.5,0.156,110
s004,plant,Specialized,LC,Las Conchas,Lanzarote,Canary Islands,oceanic_island_system,ono.tou,4,,L,2.0,2.0,2.0,0.156,111
s004,plant,Specialized,SB,Son Bosc,Mallorca,Balearic Islands,continental_island_system,bel.tri,1,,L,2.0,1.0,4.5,0.062,112
s004,plant,Specialized,SB,Son Bosc,Mallorca,Balearic Islands,continental_island_system,bel.tri,2,,L,1.0,1.0,1.0,1.0,113
s004,plant,Specialized,SB,Son Bosc,Mallorca,Balearic Islands,continental_island_system,bla.per,2,,L,1.0,1.0,1.0,1.0,114
s004,plant,Specialized,SB,Son Bosc,Mallorca,Balearic Islands,continental_island_system,bla.per,3,,L,3.0,3.0,1.67,0.156,115
s004,plant,Specialized,SB,Son Bosc,Mallorca,Balearic Islands,continental_island_system,bla.per,4,,L,1.0,1.0,1.0,1.0,116
s004,plant,Specialized,SB,Son Bosc,Mallorca,Balearic Islands,continental_island_system,cak.mar,3,,L,1.0,1.0,1.0,1.0,117
s004,plant,Specialized,SB,Son Bosc,Mallorca,Balearic Islands,continental_island_system,cak.mar,4,,L,1.0,1.0,2.0,1.0,118
s004,plant,Specialized,SB,Son Bosc,Mallorca,Balearic Islands,continental_island_system,eru.ves,1,,L,1.0,1.0,4.0,1.0,119
s004,plant,Specialized,SB,Son Bosc,Mallorca,Balearic Islands,continental_island_system,eru.ves,4,,L,1.0,1.0,4.0,1.0,120
s004,plant,Specialized,SB,Son Bosc,Mallorca,Balearic Islands,continental_island_system,fum.sp,3,,L,1.0,1.0,2.0,1.0,121
s004,plant,Specialized,SB,Son Bosc,Mallorca,Balearic Islands,continental_island_system,fum.sp,4,,L,1.0,1.0,1.0,1.0,122
s004,plant,Opportunistic,CB,Caleton Blanco,Lanzarote,Canary Islands,oceanic_island_system,ama.peq,2,,d_prime,0.28,1.0,5.0,1.0,129
s004,plant,Opportunistic,CB,Caleton Blanco,Lanzarote,Canary Islands,oceanic_island_system,ama.peq,3,,d_prime,0.07,1.0,5.0,1.0,130
s004,plant,Opportunistic,CB,Caleton Blanco,Lanzarote,Canary Islands,oceanic_island_system,ama.peq,4,,d_prime,0.27,3.0,3.25,0.199,131
s004,plant,Opportunistic,CB,Caleton Blanco,Lanzarote,Canary Islands,oceanic_island_system,lau.arb,1,,d_prime,0.46,4.0,2.71,0.257,132
s004,plant,Opportunistic,CB,Caleton Blanco,Lanzarote,Canary Islands,oceanic_island_system,lau.arb,2,,d_prime,0.57,6.0,1.7,0.282,133
s004,plant,Opportunistic,CB,Caleton Blanco,Lanzarote,Canary Islands,oceanic_island_system,lau.arb,3,,d_prime,0.22,5.0,2.4,0.088,134
s004,plant,Opportunistic,CB,Caleton Blanco,Lanzarote,Canary Islands,oceanic_island_system,lau.arb,4,,d_prime,0.25,6.0,2.86,0.248,135
s004,plant,Opportunistic,CB,Caleton Blanco,Lanzarote,Canary Islands,oceanic_island_system,nic.gla,2,,d_prime,0.35,1.0,5.0,1.0,136
s004,plant,Opportunistic,CB,Caleton Blanco,Lanzarote,Canary Islands,oceanic_island_system,nic.gla,3,,d_prime,0.05,2.0,4.5,0.079,137
s004,plant,Opportunistic,CB,Caleton Blanco,Lanzarote,Canary Islands,oceanic_island_system,pul.can,2,,d_prime,0.38,3.0,3.0,0.146,138
s004,plant,Opportunistic,CB,Caleton Blanco,Lanzarote,Canary Islands,oceanic_island_system,pul.can,3,,d_prime,0.1,3.0,3.33,0.082,139
s004,plant,Opportunistic,CB,Caleton Blanco,Lanzarote,Canary Islands,oceanic_island_system,pul.can,4,,d_prime,0.46,4.0,2.17,0.18,140
s004,plant,Opportunistic,CB,Caleton Blanco,Lanzarote,Canary Islands,oceanic_island_system,tra.moq,1,,d_prime,0.17,1.0,3.0,1.0,141
s004,plant,Opportunistic,CB,Caleton Blanco,Lanzarote,Canary Islands,oceanic_island_system,tra.moq,2,,d_prime,0.47,1.0,4.0,1.0,142
s004,plant,Opportunistic,CM,Cala Mesquida,Mallorca,Balearic Islands,continental_island_system,asp.aes,1,,d_prime,0.47,2.0,2.5,0.098,143
s004,plant,Opportunistic,CM,Cala Mesquida,Mallorca,Balearic Islands,continental_island_system,asp.aes,2,,d_prime,0.29,2.0,2.0,0.203,144
s004,plant,Opportunistic,CM,Cala Mesquida,Mallorca,Balearic Islands,continental_island_system,asp.aes,3,,d_prime,0.99,1.0,1.0,1.0,145
s004,plant,Opportunistic,CM,Cala Mesquida,Mallorca,Balearic Islands,continental_island_system,ast.aqu,2,,d_prime,0.42,3.0,3.0,0.038,146
s004,plant,Opportunistic,CM,Cala Mesquida,Mallorca,Balearic Islands,continental_island_system,ast.aqu,3,,d_prime,0.47,6.0,3.0,0.24,147
s004,plant,Opportunistic,CM,Cala Mesquida,Mallorca,Balearic Islands,continental_island_system,ast.aqu,4,,d_prime,0.68,2.0,2.5,0.041,148
s004,plant,Opportunistic,CM,Cala Mesquida,Mallorca,Balearic Islands,continental_island_system,cis.mon,1,,d_prime,0.83,2.0,2.0,0.217,149
s004,plant,Opportunistic,CM,Cala Mesquida,Mallorca,Balearic Islands,continental_island_system,cis.mon,2,,d_prime,0.67,6.0,1.53,0.519,150
s004,plant,Opportunistic,CM,Cala Mesquida,Mallorca,Balearic Islands,continental_island_system,gal.tom,1,,d_prime,0.73,3.0,3.5,0.224,151
s004,plant,Opportunistic,CM,Cala Mesquida,Mallorca,Balearic Islands,continental_island_system,gal.tom,2,,d_prime,0.45,5.0,2.22,0.113,152
s004,plant,Opportunistic,CM,Cala Mesquida,Mallorca,Balearic Islands,continental_island_system,gal.tom,3,,d_prime,0.72,3.0,1.67,0.344,153
s004,plant,Opportunistic,CM,Cala Mesquida,Mallorca,Balearic Islands,continental_island_system,rei.tin,1,,d_prime,0.72,2.0,2.67,0.08,154
s004,plant,Opportunistic,CM,Cala Mesquida,Mallorca,Balearic Islands,continental_island_system,rei.tin,2,,d_prime,0.39,4.0,2.4,0.239,155
s004,plant,Opportunistic,CM,Cala Mesquida,Mallorca,Balearic Islands,continental_island_system,rei.tin,3,,d_prime,0.53,3.0,2.33,0.221,156
s004,plant,Opportunistic,CM,Cala Mesquida,Mallorca,Balearic Islands,continental_island_system,rei.tin,4,,d_prime,0.77,2.0,1.5,0.181,157
s004,plant,Opportunistic,LC,Las Conchas,Lanzarote,Canary Islands,oceanic_island_system,ero.hes,1,,d_prime,0.52,1.0,1.0,1.0,158
s004,plant,Opportunistic,LC,Las Conchas,Lanzarote,Canary Islands,oceanic_island_system,ero.hes,2,,d_prime,0.31,1.0,4.0,1.0,159
s004,plant,Opportunistic,LC,Las Conchas,Lanzarote,Canary Islands,oceanic_island_system,fra.cap,2,,d_prime,0.3,1.0,4.0,1.0,160
s004,plant,Opportunistic,LC,Las Conchas,Lanzarote,Canary Islands,oceanic_island_system,fra.cap,3,,d_prime,0.45,2.0,1.33,0.2,161
s004,plant,Opportunistic,LC,Las Conchas,Lanzarote,Canary Islands,oceanic_island_system,fra.cap,4,,d_prime,0.31,3.0,2.0,0.32,162
s004,plant,Opportunistic,LC,Las Conchas,Lanzarote,Canary Islands,oceanic_island_system,lau.arb,1,,d_prime,0.35,5.0,2.27,0.191,163
s004,plant,Opportunistic,LC,Las Conchas,Lanzarote,Canary Islands,oceanic_island_system,lau.arb,2,,d_prime,0.3,5.0,2.38,0.247,164
s004,plant,Opportunistic,LC,Las Conchas,Lanzarote,Canary Islands,oceanic_island_system,lau.arb,3,,d_prime,0.48,3.0,2.71,0.282,165
s004,plant,Opportunistic,LC,Las Conchas,Lanzarote,Canary Islands,oceanic_island_system,lau.arb,4,,d_prime,0.44,5.0,2.33,0.289,166
s004,plant,Opportunistic,LC,Las Conchas,Lanzarote,Canary Islands,oceanic_island_system,ono.hes,1,,d_prime,0.58,2.0,4.0,0.047,167
s004,plant,Opportunistic,LC,Las Conchas,Lanzarote,Canary Islands,oceanic_island_system,ono.hes,2,,d_prime,0.25,4.0,2.8,0.198,168
s004,plant,Opportunistic,LC,Las Conchas,Lanzarote,Canary Islands,oceanic_island_system,ono.hes,3,,d_prime,0.26,3.0,2.5,0.205,169
s004,plant,Opportunistic,LC,Las Conchas,Lanzarote,Canary Islands,oceanic_island_system,zyg.fon,1,,d_prime,0.36,3.0,2.75,0.062,170
s004,plant,Opportunistic,LC,Las Conchas,Lanzarote,Canary Islands,oceanic_island_system,zyg.fon,2,,d_prime,0.61,2.0,1.5,0.141,171
s004,plant,Opportunistic,LC,Las Conchas,Lanzarote,Canary Islands,oceanic_island_system,zyg.fon,3,,d_prime,0.47,1.0,1.0,1.0,172
s004,plant,Opportunistic,SB,Son Bosc,Mallorca,Balearic Islands,continental_island_system,asp.fis,1,,d_prime,0.61,3.0,3.0,0.073,173
s004,plant,Opportunistic,SB,Son Bosc,Mallorca,Balearic Islands,continental_island_system,asp.fis,2,,d_prime,0.59,3.0,3.6,0.171,174
s004,plant,Opportunistic,SB,Son Bosc,Mallorca,Balearic Islands,continental_island_system,asp.fis,3,,d_prime,0.32,3.0,3.0,0.166,175
s004,plant,Opportunistic,SB,Son Bosc,Mallorca,Balearic Islands,continental_island_system,asp.fis,4,,d_prime,0.69,1.0,4.0,1.0,176
s004,plant,Opportunistic,SB,Son Bosc,Mallorca,Balearic Islands,continental_island_system,cen.asp,2,,d_prime,0.48,5.0,2.7,0.214,177
s004,plant,Opportunistic,SB,Son Bosc,Mallorca,Balearic Islands,continental_island_system,cen.asp,3,,d_prime,0.2,3.0,2.5,0.179,178
s004,plant,Opportunistic,SB,Son Bosc,Mallorca,Balearic Islands,continental_island_system,cen.asp,4,,d_prime,0.58,2.0,2.25,0.24,179
s004,plant,Opportunistic,SB,Son Bosc,Mallorca,Balearic Islands,continental_island_system,lot.cor,1,,d_prime,0.94,3.0,2.25,0.019,180
s004,plant,Opportunistic,SB,Son Bosc,Mallorca,Balearic Islands,continental_island_system,lot.cor,2,,d_prime,0.42,3.0,1.33,0.237,181
s004,plant,Opportunistic,SB,Son Bosc,Mallorca,Balearic Islands,continental_island_system,lot.cor,3,,d_prime,0.45,2.0,2.25,0.207,182
s004,plant,Opportunistic,SB,Son Bosc,Mallorca,Balearic Islands,continental_island_system,lot.cor,4,,d_prime,0.85,3.0,2.5,0.234,183
s004,plant,Opportunistic,SB,Son Bosc,Mallorca,Balearic Islands,continental_island_system,myo.ten,2,,d_prime,0.23,1.0,2.5,0.158,184
s004,plant,Opportunistic,SB,Son Bosc,Mallorca,Balearic Islands,continental_island_system,myo.ten,3,,d_prime,0.14,5.0,3.5,0.213,185
s004,plant,Opportunistic,SB,Son Bosc,Mallorca,Balearic Islands,continental_island_system,sca.mar,2,,d_prime,0.37,3.0,3.17,0.181,186
s004,plant,Opportunistic,SB,Son Bosc,Mallorca,Balearic Islands,continental_island_system,sca.mar,3,,d_prime,0.15,5.0,1.75,0.39,187
s004,plant,Opportunistic,SB,Son Bosc,Mallorca,Balearic Islands,continental_island_system,sca.mar,4,,d_prime,0.94,4.0,2.75,0.285,188
s004,plant,Selective,CB,Caleton Blanco,Lanzarote,Canary Islands,oceanic_island_system,atr.sp,3,,d_prime,0.12,1.0,5.0,1.0,195
s004,plant,Selective,CB,Caleton Blanco,Lanzarote,Canary Islands,oceanic_island_system,atr.sp,4,,d_prime,0.95,2.0,2.0,0.198,196
s004,plant,Selective,CB,Caleton Blanco,Lanzarote,Canary Islands,oceanic_island_system,cak.mar,1,,d_prime,0.79,5.0,2.8,0.183,197
s004,plant,Selective,CB,Caleton Blanco,Lanzarote,Canary Islands,oceanic_island_system,cak.mar,2,,d_prime,0.58,3.0,2.75,0.184,198
s004,plant,Selective,CB,Caleton Blanco,Lanzarote,Canary Islands,oceanic_island_system,cak.mar,3,,d_prime,0.34,3.0,3.0,0.026,199
s004,plant,Selective,CB,Caleton Blanco,Lanzarote,Canary Islands,oceanic_island_system,cak.mar,4,,d_prime,0.78,5.0,2.71,0.263,200
s004,plant,Selective,CB,Caleton Blanco,Lanzarote,Canary Islands,oceanic_island_system,cis.phe,1,,d_prime,0.74,2.0,2.5,0.197,201
s004,plant,Selective,CB,Caleton Blanco,Lanzarote,Canary Islands,oceanic_island_system,cis.phe,2,,d_prime,0.4,3.0,2.0,0.271,202
s004,plant,Selective,CB,Caleton Blanco,Lanzarote,Canary Islands,oceanic_island_system,cis.phe,3,,d_prime,0.32,4.0,3.0,0.091,203
s004,plant,Selective,CB,Caleton Blanco,Lanzarote,Canary Islands,oceanic_island_system,cis.phe,4,,d_prime,0.54,3.0,2.25,0.25,204
s004,plant,Selective,CB,Caleton Blanco,Lanzarote,Canary Islands,oceanic_island_system,ono.tou,3,,d_prime,1.0,1.0,1.0,1.0,205
s004,plant,Selective,CB,Caleton Blanco,Lanzarote,Canary Islands,oceanic_island_system,ono.tou,4,,d_prime,0.82,2.0,2.67,0.2,206
s004,plant,Selective,CB,Caleton Blanco,Lanzarote,Canary Islands,oceanic_island_system,pol.niv,1,,d_prime,0.45,2.0,2.6,0.175,207
s004,plant,Selective,CB,Caleton Blanco,Lanzarote,Canary Islands,oceanic_island_system,pol.niv,2,,d_prime,0.69,4.0,2.13,0.263,208
s004,plant,Selective,CB,Caleton Blanco,Lanzarote,Canary Islands,oceanic_island_system,pol.niv,3,,d_prime,0.19,2.0,3.67,0.09,209
s004,plant,Selective,CB,Caleton Blanco,Lanzarote,Canary Islands,oceanic_island_system,pol.niv,4,,d_prime,0.47,4.0,3.25,0.171,210
s004,plant,Selective,CM,Cala Mesquida,Mallorca,Balearic Islands,continental_island_system,bel.ann,1,,d_prime,0.83,2.0,2.0,0.499,211
s004,plant,Selective,CM,Cala Mesquida,Mallorca,Balearic Islands,continental_island_system,bel.ann,2,,d_prime,0.63,1.0,1.0,1.0,212
s004,plant,Selective,CM,Cala Mesquida,Mallorca,Balearic Islands,continental_island_system,bel.ann,3,,d_prime,0.43,2.0,1.5,0.203,213
s004,plant,Selective,CM,Cala Mesquida,Mallorca,Balearic Islands,continental_island_system,eup.par,2,,d_prime,0.74,6.0,1.71,0.453,214
s004,plant,Selective,CM,Cala Mesquida,Mallorca,Balearic Islands,continental_island_system,eup.par,3,,d_prime,0.78,8.0,1.66,0.433,215
s004,plant,Selective,CM,Cala Mesquida,Mallorca,Balearic Islands,continental_island_system,eup.par,4,,d_prime,0.79,5.0,2.27,0.425,216
s004,plant,Selective,CM,Cala Mesquida,Mallorca,Balearic Islands,continental_island_system,hel.sto,2,,d_prime,0.47,3.0,2.08,0.386,217
s004,plant,Selective,CM,Cala Mesquida,Mallorca,Balearic Islands,continental_island_system,hel.sto,3,,d_prime,0.78,6.0,1.81,0.356,218
s004,plant,Selective,CM,Cala Mesquida,Mallorca,Balearic Islands,continental_island_system,lau.cer,2,,d_prime,0.9,3.0,2.6,0.072,219
s004,plant,Selective,CM,Cala Mesquida,Mallorca,Balearic Islands,continental_island_system,lau.cer,3,,d_prime,0.73,6.0,2.31,0.33,220
s004,plant,Selective,CM,Cala Mesquida,Mallorca,Balearic Islands,continental_island_system,lau.cer,4,,d_prime,0.6,3.0,2.33,0.181,221
s004,plant,Selective,CM,Cala Mesquida,Mallorca,Balearic Islands,continental_island_system,pol.pol,1,,d_prime,0.59,1.0,3.0,1.0,222
s004,plant,Selective,CM,Cala Mesquida,Mallorca,Balearic Islands,continental_island_system,pol.pol,2,,d_prime,0.92,2.0,1.5,0.241,223
s004,plant,Selective,LC,Las Conchas,Lanzarote,Canary Islands,oceanic_island_system,ast.lat,1,,d_prime,0.76,4.0,1.73,0.371,224
s004,plant,Selective,LC,Las Conchas,Lanzarote,Canary Islands,oceanic_island_system,ast.lat,2,,d_prime,0.78,6.0,1.67,0.262,225
s004,plant,Selective,LC,Las Conchas,Lanzarote,Canary Islands,oceanic_island_system,ast.lat,3,,d_prime,0.72,5.0,1.33,0.299,226
s004,plant,Selective,LC,Las Conchas,Lanzarote,Canary Islands,oceanic_island_system,ast.lat,4,,d_prime,0.67,6.0,1.54,0.391,227
s004,plant,Selective,LC,Las Conchas,Lanzarote,Canary Islands,oceanic_island_system,lot.gli,2,,d_prime,0.53,1.0,2.0,1.0,228
s004,plant,Selective,LC,Las Conchas,Lanzarote,Canary Islands,oceanic_island_system,lot.gli,3,,d_prime,0.85,1.0,2.0,1.0,229
s004,plant,Selective,LC,Las Conchas,Lanzarote,Canary Islands,oceanic_island_system,lot.gli,4,,d_prime,0.95,1.0,1.0,1.0,230
s004,plant,Selective,LC,Las Conchas,Lanzarote,Canary Islands,oceanic_island_system,mat.bol,1,,d_prime,0.26,1.0,3.0,1.0,231
s004,plant,Selective,LC,Las Conchas,Lanzarote,Canary Islands,oceanic_island_system,mat.bol,2,,d_prime,0.85,1.0,1.0,1.0,232
s004,plant,Selective,LC,Las Conchas,Lanzarote,Canary Islands,oceanic_island_system,mat.bol,3,,d_prime,0.9,4.0,2.0,0.242,233
s004,plant,Selective,LC,Las Conchas,Lanzarote,Canary Islands,oceanic_island_system,mat.bol,4,,d_prime,0.54,2.0,2.5,0.082,234
s004,plant,Selective,LC,Las Conchas,Lanzarote,Canary Islands,oceanic_island_system,mes.cry,3,,d_prime,1.0,1.0,1.0,1.0,235
s004,plant,Selective,LC,Las Conchas,Lanzarote,Canary Islands,oceanic_island_system,mes.cry,4,,d_prime,0.95,2.0,2.5,0.142,236
s004,plant,Selective,LC,Las Conchas,Lanzarote,Canary Islands,oceanic_island_system,pol.niv,1,,d_prime,0.58,2.0,1.71,0.242,237
s004,plant,Selective,LC,Las Conchas,Lanzarote,Canary Islands,oceanic_island_system,pol.niv,2,,d_prime,0.75,3.0,2.0,0.23,238
s004,plant,Selective,LC,Las Conchas,Lanzarote,Canary Islands,oceanic_island_system,pol.niv,3,,d_prime,0.8,3.0,1.83,0.189,239
s004,plant,Selective,LC,Las Conchas,Lanzarote,Canary Islands,oceanic_island_system,pol.niv,4,,d_prime,0.93,2.0,1.67,0.184,240
s004,plant,Selective,SB,Son Bosc,Mallorca,Balearic Islands,continental_island_system,bla.per,2,,d_prime,1.0,1.0,1.0,1.0,241
s004,plant,Selective,SB,Son Bosc,Mallorca,Balearic Islands,continental_island_system,bla.per,3,,d_prime,0.81,3.0,1.67,0.156,242
s004,plant,Selective,SB,Son Bosc,Mallorca,Balearic Islands,continental_island_system,bla.per,4,,d_prime,1.0,1.0,1.0,1.0,243
s004,plant,Selective,SB,Son Bosc,Mallorca,Balearic Islands,continental_island_system,cak.mar,3,,d_prime,0.93,1.0,1.0,1.0,244
s004,plant,Selective,SB,Son Bosc,Mallorca,Balearic Islands,continental_island_system,cak.mar,4,,d_prime,0.98,1.0,2.0,1.0,245
s004,plant,Selective,SB,Son Bosc,Mallorca,Balearic Islands,continental_island_system,dau.car,2,,d_prime,0.88,6.0,1.93,0.221,246
s004,plant,Selective,SB,Son Bosc,Mallorca,Balearic Islands,continental_island_system,dau.car,3,,d_prime,0.95,7.0,1.74,0.269,247
s004,plant,Selective,SB,Son Bosc,Mallorca,Balearic Islands,continental_island_system,dau.car,4,,d_prime,0.87,6.0,2.0,0.333,248
s004,plant,Selective,SB,Son Bosc,Mallorca,Balearic Islands,continental_island_system,sid.rom,2,,d_prime,1.0,2.0,1.0,1.0,249
s004,plant,Selective,SB,Son Bosc,Mallorca,Balearic Islands,continental_island_system,sid.rom,3,,d_prime,0.83,2.0,2.0,0.039,250
s004,plant,Selective,SB,Son Bosc,Mallorca,Balearic Islands,continental_island_system,sid.rom,4,,d_prime,0.9,3.0,2.17,0.369,251
s004,plant,Selective,SB,Son Bosc,Mallorca,Balearic Islands,continental_island_system,teu.dun,3,,d_prime,0.83,7.0,1.82,0.348,252
s004,plant,Selective,SB,Son Bosc,Mallorca,Balearic Islands,continental_island_system,teu.dun,4,,d_prime,0.56,4.0,1.86,0.417,253
