plant,n_mainland_sites,n_post_sites,mainland_mean_tube_mm,oshima_tube_mm,post_mean_tube_mm,second_delta_mm,second_percent_change_from_oshima,second_direction,measurement_n_per_species_site,within_site_uncertainty_available,numeric_evidence_grade,source_dataset,source_workflow_run,source_artifact,claim_boundary
Ampelopsis glandulosa var. hancei,2,4,0.542,0.436,0.5435,0.1075,24.6559633,longer_post,5,no,B_plus_site_mean_without_variance,10.6084/m9.figshare.25025000.v1,31253382012,9020679609,"Direct site-mean floral morphology; archived table lacks within-site variance, so no inverse-variance effect size or A-grade holdout claim."
Calystegia soldanella,3,4,26.7066667,23.566,27.773,4.207,17.8519902,longer_post,5,no,B_plus_site_mean_without_variance,10.6084/m9.figshare.25025000.v1,31253382012,9020679609,"Direct site-mean floral morphology; archived table lacks within-site variance, so no inverse-variance effect size or A-grade holdout claim."
Farfugium japonicum,3,4,9.6133333,11.276,10.339,-0.937,-8.3096843,shorter_post,5,no,B_plus_site_mean_without_variance,10.6084/m9.figshare.25025000.v1,31253382012,9020679609,"High interaction breadth does not imply morphological stasis; tube-length site means lack within-site variance and cannot support equivalence or a formal effect-size holdout."
Glehnia littoralis,3,2,0.0,0.0,0.0,0.0,,equal,5,no,B_plus_site_mean_without_variance,10.6084/m9.figshare.25025000.v1,31253382012,9020679609,"A zero tube value denotes the source trait coding for an open flower and is not a statistical equivalence test."
Lysimachia mauritiana,3,4,4.7894444,5.456,5.481,0.025,0.4582111,longer_post,5,no,B_plus_site_mean_without_variance,10.6084/m9.figshare.25025000.v1,31253382012,9020679609,"Direct site-mean floral morphology; archived table lacks within-site variance, so no inverse-variance effect size or A-grade holdout claim."
Melanthera prostrata,2,4,4.438,4.592,4.81575,0.22375,4.8726045,longer_post,5,no,B_plus_site_mean_without_variance,10.6084/m9.figshare.25025000.v1,31253382012,9020679609,"Direct site-mean floral morphology; archived table lacks within-site variance, so no inverse-variance effect size or A-grade holdout claim."
Oxalis corniculata var. trichocaulon,3,4,3.8113333,4.042,3.399,-0.643,-15.9079664,shorter_post,5,no,B_plus_site_mean_without_variance,10.6084/m9.figshare.25025000.v1,31253382012,9020679609,"Direct site-mean floral morphology; archived table lacks within-site variance, so no inverse-variance effect size or A-grade holdout claim."
Vitex rotundifolia,3,4,9.2993333,9.674,9.542,-0.132,-1.3644821,shorter_post,5,no,B_plus_site_mean_without_variance,10.6084/m9.figshare.25025000.v1,31253382012,9020679609,"Direct site-mean floral morphology; archived table lacks within-site variance, so no inverse-variance effect size or A-grade holdout claim."
Campanula microdonta,0,4,,26.9825,19.453375,-7.529125,-27.9037339,shorter_post,5,no,B_plus_site_mean_without_variance,10.6084/m9.figshare.25025000.v1,31253382012,9020679609,"Independent contemporary field morphology reproduces a lower post-Oshima direction but lacks Toshima and within-site variance, so it cannot distinguish cline from the predeclared second step or establish historical causation."
